Timestamp,Sail,TWS,TWA,BoatSpeed,Notes
2026-06-29T07:18:09.624Z,A6,3.97,97,2.75,On Target
2026-06-29T09:22:20.745Z,A6,3.86,96,3.07,Surfing/Planing
2026-06-29T17:03:27.626Z,A6,4.23,96,2.75,On Target
2026-06-29T10:05:27.051Z,A6,4.11,101,2.43,Poor Trim
2026-06-29T00:44:26.257Z,A6,3.73,100,2.37,Poor Trim
2026-06-29T22:17:01.860Z,A6,3.81,101,2.72,On Target
2026-06-29T19:11:39.476Z,A6,4.21,105,2.77,On Target
2026-06-29T11:30:10.427Z,A6,3.72,103,2.82,On Target
2026-06-29T17:11:22.532Z,A6,4.09,104,2.84,On Target
2026-06-29T00:08:48.908Z,A6,4.00,109,2.77,On Target
2026-06-29T21:55:30.537Z,A6,4.10,111,2.87,On Target
2026-06-29T21:33:23.197Z,A6,4.27,110,2.98,Surfing/Planing
2026-06-29T20:55:05.683Z,A6,3.71,114,2.82,On Target
2026-06-28T23:00:44.202Z,A6,3.75,116,3.02,Surfing/Planing
2026-06-29T04:22:21.460Z,A6,3.81,115,2.74,On Target
2026-06-28T20:20:36.136Z,A6,4.04,122,2.81,On Target
2026-06-29T14:38:23.791Z,A6,4.06,119,2.77,On Target
2026-06-29T11:30:23.726Z,A6,4.21,121,3.19,Surfing/Planing
2026-06-29T12:00:10.853Z,A6,6.03,94,4.18,Poor Trim
2026-06-29T15:17:49.439Z,A6,6.17,97,4.08,Poor Trim
2026-06-29T01:10:04.919Z,A6,5.78,97,4.19,Poor Trim
2026-06-29T04:33:50.877Z,A6,5.83,100,4.16,Poor Trim
2026-06-29T14:40:06.884Z,A6,5.82,101,5.09,Surfing/Planing
2026-06-29T01:59:17.269Z,A6,5.94,98,5.11,Surfing/Planing
2026-06-29T23:44:07.361Z,A6,6.14,106,5.36,Surfing/Planing
2026-06-29T18:11:41.121Z,A6,6.06,105,3.88,Poor Trim
2026-06-29T04:24:04.821Z,A6,6.13,104,4.65,On Target
2026-06-29T23:11:29.320Z,A6,5.83,112,4.84,On Target
2026-06-29T19:26:53.383Z,A6,5.80,110,4.67,On Target
2026-06-29T11:55:58.914Z,A6,5.95,111,4.65,On Target
2026-06-28T23:07:15.860Z,A6,5.90,115,4.71,On Target
2026-06-29T07:37:50.205Z,A6,5.84,114,4.65,On Target
2026-06-29T05:24:30.430Z,A6,5.83,113,4.65,On Target
2026-06-29T20:31:48.783Z,A6,5.89,118,4.62,On Target
2026-06-29T10:37:26.590Z,A6,5.93,121,5.32,Surfing/Planing
2026-06-29T11:47:43.767Z,A6,5.79,122,4.80,On Target
2026-06-28T23:09:09.398Z,A6,7.97,93,6.72,On Target
2026-06-29T18:12:39.034Z,A6,7.93,95,7.25,Surfing/Planing
2026-06-29T00:07:31.782Z,A6,8.21,96,5.46,Poor Trim
2026-06-29T19:17:49.864Z,A6,8.00,101,6.79,On Target
2026-06-29T01:20:02.263Z,A6,8.08,102,7.33,Surfing/Planing
2026-06-29T14:14:51.771Z,A6,7.97,102,6.54,On Target
2026-06-28T21:57:26.825Z,A6,8.08,104,6.46,On Target
2026-06-29T13:50:24.997Z,A6,7.71,103,6.69,On Target
2026-06-28T21:26:45.811Z,A6,8.23,105,6.46,On Target
2026-06-29T16:24:49.894Z,A6,7.78,108,6.58,On Target
2026-06-29T08:12:03.608Z,A6,8.13,111,6.48,On Target
2026-06-29T05:29:24.311Z,A6,8.01,110,6.58,On Target
2026-06-29T12:11:34.643Z,A6,7.90,114,5.75,Poor Trim
2026-06-29T16:34:20.010Z,A6,8.02,115,6.58,On Target
2026-06-29T20:15:17.464Z,A6,7.70,113,6.98,Surfing/Planing
2026-06-28T23:48:54.469Z,A6,7.96,120,5.95,Poor Trim
2026-06-29T22:25:26.506Z,A6,7.92,119,6.63,On Target
2026-06-29T21:22:18.273Z,A6,8.28,121,6.72,On Target
2026-06-29T08:45:19.175Z,A6,10.18,95,7.04,Poor Trim
2026-06-29T21:20:12.390Z,A6,9.74,94,8.59,On Target
2026-06-29T08:24:59.861Z,A6,10.29,93,8.42,On Target
2026-06-29T16:06:26.903Z,A6,10.20,100,8.73,On Target
2026-06-28T21:33:10.215Z,A6,9.86,100,9.72,Surfing/Planing
2026-06-29T04:58:21.939Z,A6,10.04,102,8.50,On Target
2026-06-29T03:09:34.942Z,A6,10.03,106,8.52,On Target
2026-06-28T21:08:22.837Z,A6,10.29,106,8.57,On Target
2026-06-29T05:26:48.000Z,A6,10.22,104,9.19,Surfing/Planing
2026-06-28T23:33:32.690Z,A6,9.95,109,8.67,On Target
2026-06-29T06:50:13.786Z,A6,10.22,111,7.21,Poor Trim
2026-06-28T21:17:35.644Z,A6,9.99,109,8.64,On Target
2026-06-29T03:29:30.041Z,A6,10.13,113,8.71,On Target
2026-06-29T08:52:06.677Z,A6,9.98,113,8.70,On Target
2026-06-29T05:14:34.646Z,A6,9.95,115,8.61,On Target
2026-06-29T09:36:53.407Z,A6,9.73,118,7.07,Poor Trim
2026-06-29T13:34:24.394Z,A6,10.20,122,8.29,On Target
2026-06-29T23:05:18.935Z,A6,9.86,121,8.68,On Target
2026-06-29T06:36:30.633Z,A6,12.25,97,8.95,On Target
2026-06-29T06:34:38.149Z,A6,11.84,95,9.03,On Target
2026-06-29T03:59:14.579Z,A6,12.01,95,8.95,On Target
2026-06-29T02:16:46.130Z,A6,12.11,102,7.57,Poor Trim
2026-06-29T23:04:44.315Z,A6,11.90,99,9.44,On Target
2026-06-29T07:51:20.065Z,A6,12.20,99,8.91,On Target
2026-06-29T03:35:28.955Z,A6,12.18,104,9.32,On Target
2026-06-29T09:58:12.479Z,A6,11.78,103,9.13,On Target
2026-06-28T23:49:22.941Z,A6,12.18,105,9.79,Surfing/Planing
2026-06-29T19:57:30.176Z,A6,12.03,111,9.32,On Target
2026-06-29T17:17:50.235Z,A6,11.78,111,9.20,On Target
2026-06-29T18:17:46.859Z,A6,12.25,110,8.92,On Target
2026-06-28T21:24:07.955Z,A6,12.05,114,7.82,Poor Trim
2026-06-29T04:13:24.844Z,A6,12.16,114,10.04,Surfing/Planing
2026-06-29T18:55:35.285Z,A6,12.09,115,8.30,Poor Trim
2026-06-29T21:34:13.990Z,A6,11.78,122,9.15,On Target
2026-06-29T09:52:09.871Z,A6,12.07,120,8.98,On Target
2026-06-28T20:48:15.927Z,A6,12.20,119,9.18,On Target
2026-06-29T02:49:39.271Z,A6,13.97,95,9.83,On Target
2026-06-29T23:01:58.246Z,A6,14.22,94,9.69,On Target
2026-06-29T10:00:03.383Z,A6,13.72,96,8.95,Poor Trim
2026-06-29T02:48:01.210Z,A6,14.09,102,8.64,Poor Trim
2026-06-29T08:45:07.130Z,A6,13.99,100,9.80,On Target
2026-06-29T07:58:01.304Z,A6,13.71,101,8.74,Poor Trim
2026-06-29T18:54:36.777Z,A6,13.92,106,10.60,Surfing/Planing
2026-06-29T06:49:49.604Z,A6,14.24,105,8.62,Poor Trim
2026-06-29T10:15:07.956Z,A6,13.97,105,9.61,On Target
2026-06-29T04:08:35.112Z,A6,14.06,112,9.82,On Target
2026-06-29T23:46:14.193Z,A6,14.25,108,9.83,On Target
2026-06-29T05:03:30.878Z,A6,14.03,111,10.98,Surfing/Planing
2026-06-28T20:39:38.144Z,A6,14.29,117,10.10,On Target
2026-06-29T01:27:54.257Z,A6,13.80,113,10.36,Surfing/Planing
2026-06-29T10:21:24.519Z,A6,14.22,116,9.73,On Target
2026-06-29T00:39:01.094Z,A6,13.97,122,9.69,On Target
2026-06-29T19:39:45.794Z,A6,13.92,121,8.20,Poor Trim
2026-06-29T17:21:02.080Z,A6,14.07,119,10.11,On Target
2026-06-29T12:37:25.261Z,A6,16.18,96,9.33,Poor Trim
2026-06-28T23:41:11.828Z,A6,15.85,95,11.52,Surfing/Planing
2026-06-29T13:24:26.409Z,A6,16.21,96,10.48,On Target
2026-06-29T09:17:45.092Z,A6,16.30,98,10.23,On Target
2026-06-29T06:06:30.005Z,A6,16.18,100,10.71,On Target
2026-06-29T13:06:48.782Z,A6,16.05,98,11.22,Surfing/Planing
2026-06-29T05:07:38.717Z,A6,16.12,105,10.58,On Target
2026-06-28T23:06:31.905Z,A6,16.16,103,8.71,Poor Trim
2026-06-28T22:44:01.092Z,A6,15.70,103,10.22,On Target
2026-06-29T03:18:09.922Z,A6,16.08,108,10.71,On Target
2026-06-29T14:23:50.671Z,A6,15.82,111,10.22,On Target
2026-06-29T06:36:23.614Z,A6,16.05,112,10.45,On Target
2026-06-29T07:39:44.213Z,A6,15.95,115,8.75,Poor Trim
2026-06-29T04:21:09.924Z,A6,16.14,114,12.02,Surfing/Planing
2026-06-29T12:01:37.627Z,A6,16.06,114,10.80,On Target
2026-06-28T23:14:40.626Z,A6,16.12,119,11.56,Surfing/Planing
2026-06-28T22:30:51.718Z,A6,15.84,118,10.80,On Target
2026-06-29T09:57:03.501Z,A6,16.29,118,10.57,On Target
2026-06-28T20:32:07.507Z,A6,17.85,97,11.46,On Target
2026-06-29T15:29:33.362Z,A6,18.01,94,11.02,On Target
2026-06-28T21:46:11.429Z,A6,18.08,94,11.07,On Target
2026-06-29T11:36:43.960Z,A6,17.81,100,12.45,Surfing/Planing
2026-06-29T08:59:06.702Z,A6,18.23,100,12.21,Surfing/Planing
2026-06-29T06:28:29.625Z,A6,17.97,100,11.24,On Target
2026-06-29T12:38:44.253Z,A6,17.80,103,11.08,On Target
2026-06-29T14:55:42.963Z,A6,17.71,103,11.01,On Target
2026-06-29T22:48:19.886Z,A6,17.98,106,9.94,Poor Trim
2026-06-29T18:01:21.050Z,A6,17.87,111,11.06,On Target
2026-06-29T06:53:26.928Z,A6,17.98,112,9.37,Poor Trim
2026-06-29T14:23:46.111Z,A6,18.23,112,12.24,Surfing/Planing
2026-06-29T19:09:37.114Z,A6,18.10,116,11.45,On Target
2026-06-29T12:44:33.555Z,A6,17.93,113,12.36,Surfing/Planing
2026-06-29T19:10:16.721Z,A6,17.72,117,9.75,Poor Trim
2026-06-29T09:28:46.095Z,A6,18.06,122,11.28,On Target
2026-06-29T09:26:01.482Z,A6,18.24,122,9.40,Poor Trim
2026-06-28T22:26:27.995Z,A6,17.93,121,11.12,On Target
2026-06-29T14:59:11.500Z,A6,19.92,94,12.08,On Target
2026-06-28T23:31:11.820Z,A6,19.84,95,11.83,On Target
2026-06-29T03:45:15.673Z,A6,20.04,95,12.67,Surfing/Planing
2026-06-29T12:04:59.008Z,A6,19.73,98,9.84,Poor Trim
2026-06-29T14:35:03.389Z,A6,20.16,100,11.73,On Target
2026-06-28T20:18:15.971Z,A6,20.14,100,12.00,On Target
2026-06-29T15:54:07.937Z,A6,20.05,104,10.69,Poor Trim
2026-06-29T13:30:14.813Z,A6,19.77,107,10.58,Poor Trim
2026-06-29T08:01:29.507Z,A6,19.74,106,12.64,Surfing/Planing
2026-06-29T00:35:26.088Z,A6,19.83,112,11.76,On Target
2026-06-29T23:25:05.686Z,A6,19.94,108,11.81,On Target
2026-06-29T12:52:23.766Z,A6,19.71,112,11.63,On Target
2026-06-29T20:32:32.427Z,A6,19.81,116,12.16,On Target
2026-06-29T00:19:55.844Z,A6,20.23,114,11.83,On Target
2026-06-29T01:08:42.217Z,A6,19.83,113,12.11,On Target
2026-06-28T22:06:45.534Z,A6,19.84,118,10.82,Poor Trim
2026-06-29T05:20:43.230Z,A6,20.08,118,11.95,On Target
2026-06-29T01:57:15.532Z,A6,19.71,122,11.84,On Target
2026-06-29T13:44:23.732Z,A6,21.75,94,14.34,Surfing/Planing
2026-06-29T08:32:02.392Z,A6,21.82,93,12.14,On Target
2026-06-28T22:16:23.106Z,A6,21.90,97,14.06,Surfing/Planing
2026-06-29T19:54:22.477Z,A6,21.92,99,11.03,Poor Trim
2026-06-29T08:53:35.899Z,A6,22.06,101,12.15,On Target
2026-06-28T23:29:08.922Z,A6,22.11,101,12.71,On Target
2026-06-29T17:46:03.186Z,A6,21.96,103,13.35,Surfing/Planing
2026-06-29T17:35:09.071Z,A6,22.06,106,12.43,On Target
2026-06-29T12:44:28.982Z,A6,21.91,105,12.17,On Target
2026-06-29T06:42:34.217Z,A6,22.09,111,14.17,Surfing/Planing
2026-06-29T10:30:41.184Z,A6,22.17,108,12.59,On Target
2026-06-29T12:52:48.824Z,A6,21.82,112,13.64,Surfing/Planing
2026-06-28T22:20:05.302Z,A6,22.24,113,12.75,On Target
2026-06-29T16:28:30.205Z,A6,22.00,116,12.65,On Target
2026-06-29T14:07:47.698Z,A6,22.27,113,14.03,Surfing/Planing
2026-06-29T11:13:27.740Z,A6,21.88,119,12.31,On Target
2026-06-29T18:14:45.467Z,A6,21.72,121,10.55,Poor Trim
2026-06-29T22:56:12.416Z,A6,22.18,118,12.52,On Target
2026-06-29T11:25:00.367Z,A6,23.90,96,12.98,On Target
2026-06-29T02:16:56.725Z,A6,24.22,96,13.13,On Target
2026-06-29T13:47:27.648Z,A6,24.06,97,13.07,On Target
2026-06-29T12:34:44.270Z,A6,23.88,101,12.90,On Target
2026-06-29T06:05:47.269Z,A6,24.17,100,14.94,Surfing/Planing
2026-06-28T22:50:20.692Z,A6,24.06,100,13.42,On Target
2026-06-29T16:59:56.857Z,A6,23.74,106,10.95,Poor Trim
2026-06-29T03:48:25.904Z,A6,23.80,104,11.28,Poor Trim
2026-06-28T21:05:02.726Z,A6,23.99,106,14.86,Surfing/Planing
2026-06-29T16:36:46.697Z,A6,24.19,109,12.79,On Target
2026-06-29T03:55:14.977Z,A6,24.15,112,12.94,On Target
2026-06-29T06:52:50.082Z,A6,24.08,109,14.84,Surfing/Planing
2026-06-29T06:34:32.585Z,A6,24.08,115,14.33,Surfing/Planing
2026-06-28T21:22:59.110Z,A6,24.19,113,14.74,Surfing/Planing
2026-06-29T00:48:09.167Z,A6,23.85,113,13.05,On Target
2026-06-29T08:15:33.911Z,A6,24.22,120,13.17,On Target
2026-06-29T22:45:59.551Z,A6,23.87,122,14.54,Surfing/Planing
2026-06-29T09:14:22.701Z,A6,23.82,118,14.17,Surfing/Planing
2026-06-29T16:00:31.590Z,A6,26.30,96,13.64,On Target
2026-06-29T18:14:10.614Z,A6,25.84,97,15.38,Surfing/Planing
2026-06-29T13:15:47.165Z,A6,26.15,93,13.77,On Target
2026-06-29T07:31:49.285Z,A6,25.91,100,13.79,On Target
2026-06-29T05:40:03.682Z,A6,25.83,101,13.90,On Target
2026-06-29T20:12:29.884Z,A6,25.90,98,14.63,Surfing/Planing
2026-06-29T09:14:49.684Z,A6,26.15,104,12.00,Poor Trim
2026-06-29T22:03:20.308Z,A6,26.18,105,13.90,On Target
2026-06-29T08:26:10.828Z,A6,26.02,107,14.73,Surfing/Planing
2026-06-29T23:56:18.171Z,A6,26.20,111,13.45,On Target
2026-06-29T16:26:23.752Z,A6,25.84,112,13.49,On Target
2026-06-29T16:03:17.173Z,A6,26.07,111,14.18,On Target
2026-06-29T10:17:16.494Z,A6,26.21,117,14.09,On Target
2026-06-29T13:54:55.821Z,A6,25.82,113,13.90,On Target
2026-06-29T16:17:06.305Z,A6,26.28,117,14.20,On Target
2026-06-29T17:15:34.790Z,A6,26.18,118,13.81,On Target
2026-06-29T06:21:45.045Z,A6,26.30,121,14.06,On Target
2026-06-28T20:23:25.302Z,A6,26.18,122,14.14,On Target
2026-06-29T13:35:35.217Z,A5,4.03,108,3.04,On Target
2026-06-29T03:27:57.428Z,A5,3.83,111,3.15,On Target
2026-06-29T15:44:06.834Z,A5,3.71,108,2.83,Poor Trim
2026-06-28T21:04:03.176Z,A5,3.91,114,3.49,Surfing/Planing
2026-06-29T17:44:03.364Z,A5,3.90,113,3.17,On Target
2026-06-29T04:30:03.136Z,A5,4.18,117,3.14,On Target
2026-06-29T17:11:22.319Z,A5,3.86,120,3.19,On Target
2026-06-29T19:37:10.823Z,A5,4.04,122,3.18,On Target
2026-06-28T21:41:47.954Z,A5,4.13,118,2.70,Poor Trim
2026-06-28T23:21:21.250Z,A5,3.94,127,2.55,Poor Trim
2026-06-29T06:53:05.715Z,A5,3.93,123,3.17,On Target
2026-06-29T18:26:19.775Z,A5,3.75,123,2.62,Poor Trim
2026-06-28T21:55:50.232Z,A5,4.24,129,3.07,On Target
2026-06-29T09:57:20.340Z,A5,3.84,129,3.09,On Target
2026-06-29T10:38:38.982Z,A5,4.28,130,2.82,Poor Trim
2026-06-29T09:48:48.092Z,A5,6.09,108,4.26,Poor Trim
2026-06-28T20:52:42.993Z,A5,5.90,109,4.86,On Target
2026-06-29T12:47:32.308Z,A5,5.90,110,4.74,On Target
2026-06-29T10:14:33.326Z,A5,6.15,113,4.13,Poor Trim
2026-06-29T17:44:09.193Z,A5,5.96,117,5.42,Surfing/Planing
2026-06-29T12:25:43.536Z,A5,6.08,114,5.21,Surfing/Planing
2026-06-29T04:38:30.334Z,A5,6.19,120,4.82,On Target
2026-06-29T05:45:37.887Z,A5,6.04,119,4.79,On Target
2026-06-29T13:41:07.687Z,A5,5.98,118,4.82,On Target
2026-06-29T17:21:44.939Z,A5,5.92,124,4.95,On Target
2026-06-29T22:47:53.281Z,A5,5.96,127,4.85,On Target
2026-06-29T21:32:59.342Z,A5,6.04,123,4.39,Poor Trim
2026-06-29T17:47:38.923Z,A5,6.04,130,4.89,On Target
2026-06-29T10:16:21.015Z,A5,6.19,131,4.79,On Target
2026-06-29T04:53:48.625Z,A5,6.26,132,4.95,On Target
2026-06-29T06:10:28.160Z,A5,7.81,108,6.04,Poor Trim
2026-06-29T04:09:32.478Z,A5,7.99,110,6.68,On Target
2026-06-28T23:43:47.341Z,A5,7.89,110,7.55,Surfing/Planing
2026-06-29T03:37:14.177Z,A5,7.71,115,7.12,Surfing/Planing
2026-06-29T21:02:15.896Z,A5,7.73,115,6.77,On Target
2026-06-29T00:12:47.489Z,A5,8.06,113,7.19,Surfing/Planing
2026-06-29T07:04:16.268Z,A5,7.90,120,6.73,On Target
2026-06-29T00:24:34.433Z,A5,7.89,118,5.77,Poor Trim
2026-06-29T18:02:02.232Z,A5,8.17,120,6.80,On Target
2026-06-29T06:24:05.628Z,A5,8.14,124,5.48,Poor Trim
2026-06-29T23:25:39.407Z,A5,8.16,123,5.49,Poor Trim
2026-06-29T16:00:34.866Z,A5,7.99,125,5.93,Poor Trim
2026-06-28T21:15:13.367Z,A5,7.99,130,6.47,On Target
2026-06-28T20:31:46.948Z,A5,8.05,128,5.49,Poor Trim
2026-06-29T23:02:10.930Z,A5,7.81,131,6.59,On Target
2026-06-29T18:09:51.291Z,A5,9.94,111,7.03,Poor Trim
2026-06-29T11:40:40.526Z,A5,10.27,110,6.97,Poor Trim
2026-06-28T21:08:23.752Z,A5,10.05,112,8.36,On Target
2026-06-29T12:30:34.281Z,A5,9.76,116,8.24,On Target
2026-06-28T22:35:29.275Z,A5,10.26,116,8.29,On Target
2026-06-29T04:34:41.909Z,A5,9.83,113,8.62,On Target
2026-06-29T13:26:39.254Z,A5,10.26,118,9.12,Surfing/Planing
2026-06-29T12:55:12.648Z,A5,9.94,119,8.64,On Target
2026-06-29T02:46:41.807Z,A5,9.97,118,6.97,Poor Trim
2026-06-29T01:46:15.954Z,A5,10.01,123,8.52,On Target
2026-06-29T03:28:20.262Z,A5,9.98,126,8.59,On Target
2026-06-29T19:11:40.928Z,A5,10.18,125,8.64,On Target
2026-06-29T02:13:38.921Z,A5,10.04,128,8.23,On Target
2026-06-28T23:27:06.157Z,A5,10.27,130,9.05,Surfing/Planing
2026-06-29T19:10:01.624Z,A5,10.13,130,7.02,Poor Trim
2026-06-29T09:03:01.985Z,A5,11.79,112,10.48,Surfing/Planing
2026-06-29T15:35:48.560Z,A5,11.98,110,9.38,On Target
2026-06-29T15:47:40.272Z,A5,11.76,112,8.24,Poor Trim
2026-06-29T21:59:56.492Z,A5,11.80,117,9.52,On Target
2026-06-29T05:38:05.664Z,A5,12.26,115,9.53,On Target
2026-06-29T11:41:22.696Z,A5,11.73,114,8.67,Poor Trim
2026-06-29T02:21:43.190Z,A5,12.16,120,9.39,On Target
2026-06-29T08:06:41.288Z,A5,12.15,118,10.86,Surfing/Planing
2026-06-29T22:42:26.389Z,A5,11.91,122,9.34,On Target
2026-06-29T23:07:07.433Z,A5,12.19,127,9.32,On Target
2026-06-29T15:33:36.678Z,A5,11.89,124,9.78,On Target
2026-06-29T21:20:40.095Z,A5,11.92,123,7.98,Poor Trim
2026-06-29T17:23:29.597Z,A5,12.28,129,9.63,On Target
2026-06-29T18:11:58.886Z,A5,12.24,130,9.29,On Target
2026-06-28T23:14:06.173Z,A5,12.00,128,9.59,On Target
2026-06-29T21:56:18.973Z,A5,13.75,108,11.87,Surfing/Planing
2026-06-29T13:40:31.420Z,A5,14.15,108,10.36,On Target
2026-06-29T00:49:34.604Z,A5,13.89,109,10.57,On Target
2026-06-29T14:22:22.443Z,A5,13.78,116,10.73,On Target
2026-06-29T04:13:37.527Z,A5,13.71,114,10.72,On Target
2026-06-29T21:26:18.455Z,A5,14.23,116,10.66,On Target
2026-06-29T09:01:24.985Z,A5,14.27,118,9.47,Poor Trim
2026-06-29T20:51:37.590Z,A5,14.29,122,10.28,On Target
2026-06-28T23:05:41.151Z,A5,14.21,119,9.69,Poor Trim
2026-06-29T12:29:56.163Z,A5,13.79,126,10.50,On Target
2026-06-29T18:55:41.235Z,A5,14.25,127,9.63,Poor Trim
2026-06-29T14:17:10.776Z,A5,13.88,126,11.66,Surfing/Planing
2026-06-28T22:23:23.083Z,A5,13.81,132,11.90,Surfing/Planing
2026-06-29T17:27:39.532Z,A5,14.19,132,10.64,On Target
2026-06-29T15:52:18.509Z,A5,13.76,132,11.16,Surfing/Planing
2026-06-29T03:35:04.421Z,A5,16.07,110,11.45,On Target
2026-06-29T05:39:30.442Z,A5,15.92,111,9.72,Poor Trim
2026-06-29T21:38:13.849Z,A5,15.97,108,11.92,On Target
2026-06-29T20:44:39.774Z,A5,16.08,113,10.68,Poor Trim
2026-06-29T22:46:59.188Z,A5,16.17,114,11.53,On Target
2026-06-29T08:38:31.871Z,A5,16.03,117,11.83,On Target
2026-06-29T13:20:42.087Z,A5,16.07,120,10.33,Poor Trim
2026-06-28T21:38:40.010Z,A5,15.80,118,13.23,Surfing/Planing
2026-06-29T17:32:09.389Z,A5,15.73,120,11.69,On Target
2026-06-29T02:09:10.573Z,A5,15.74,127,11.44,On Target
2026-06-28T21:47:31.929Z,A5,16.29,126,11.79,On Target
2026-06-29T12:21:23.608Z,A5,15.72,124,11.52,On Target
2026-06-29T05:06:57.919Z,A5,16.14,131,10.64,Poor Trim
2026-06-29T10:00:54.866Z,A5,16.19,131,11.96,On Target
2026-06-29T07:54:14.738Z,A5,15.72,128,11.98,On Target
2026-06-29T16:31:40.884Z,A5,18.03,109,12.12,On Target
2026-06-29T16:16:36.246Z,A5,18.02,108,10.44,Poor Trim
2026-06-29T00:54:03.373Z,A5,17.80,108,12.40,On Target
2026-06-29T15:07:59.484Z,A5,17.73,116,12.61,On Target
2026-06-29T20:07:27.711Z,A5,18.07,117,11.19,Poor Trim
2026-06-29T22:42:21.983Z,A5,17.95,114,12.30,On Target
2026-06-29T22:11:30.985Z,A5,17.99,120,12.42,On Target
2026-06-28T20:36:29.897Z,A5,18.06,121,12.76,On Target
2026-06-29T06:33:50.986Z,A5,17.79,122,13.11,Surfing/Planing
2026-06-29T12:54:41.159Z,A5,18.27,125,12.41,On Target
2026-06-29T16:20:06.035Z,A5,18.01,124,13.40,Surfing/Planing
2026-06-29T16:40:03.524Z,A5,18.19,125,11.09,Poor Trim
2026-06-29T14:57:51.081Z,A5,18.10,131,13.58,Surfing/Planing
2026-06-29T18:11:13.893Z,A5,17.92,129,12.66,On Target
2026-06-29T10:20:21.087Z,A5,18.23,129,10.91,Poor Trim
2026-06-28T22:57:25.752Z,A5,20.02,111,13.30,On Target
2026-06-29T04:47:22.334Z,A5,19.98,109,13.47,On Target
2026-06-29T20:48:37.294Z,A5,19.94,111,11.80,Poor Trim
2026-06-29T05:23:17.628Z,A5,19.94,115,11.33,Poor Trim
2026-06-29T14:58:59.448Z,A5,20.26,117,13.43,On Target
2026-06-29T22:51:12.166Z,A5,20.24,116,12.80,On Target
2026-06-28T21:13:14.266Z,A5,19.81,118,11.08,Poor Trim
2026-06-28T21:09:49.756Z,A5,20.21,119,10.83,Poor Trim
2026-06-28T20:27:33.243Z,A5,20.14,122,14.34,Surfing/Planing
2026-06-28T23:56:06.568Z,A5,20.27,126,11.84,Poor Trim
2026-06-29T22:06:01.430Z,A5,20.03,125,13.22,On Target
2026-06-29T16:42:48.306Z,A5,19.95,123,13.44,On Target
2026-06-29T05:23:36.141Z,A5,20.11,130,13.22,On Target
2026-06-29T08:35:00.002Z,A5,19.76,129,11.23,Poor Trim
2026-06-29T19:07:12.849Z,A5,19.84,128,14.36,Surfing/Planing
2026-06-29T05:30:37.945Z,A5,22.12,110,14.23,On Target
2026-06-29T20:49:55.377Z,A5,22.26,112,13.67,On Target
2026-06-29T10:25:49.763Z,A5,21.90,110,13.93,On Target
2026-06-29T16:17:40.641Z,A5,22.10,114,13.62,On Target
2026-06-29T22:23:31.528Z,A5,21.81,115,12.77,Poor Trim
2026-06-29T14:53:22.357Z,A5,21.84,115,12.34,Poor Trim
2026-06-29T19:55:01.992Z,A5,21.78,119,14.05,On Target
2026-06-28T20:52:14.009Z,A5,21.91,119,13.62,On Target
2026-06-29T01:09:02.659Z,A5,21.84,118,11.82,Poor Trim
2026-06-29T15:48:28.805Z,A5,22.04,126,13.69,On Target
2026-06-29T14:43:04.696Z,A5,21.86,127,13.65,On Target
2026-06-29T18:57:50.646Z,A5,21.82,126,14.33,On Target
2026-06-29T19:01:52.754Z,A5,21.96,132,14.03,On Target
2026-06-29T12:05:44.021Z,A5,22.24,128,14.01,On Target
2026-06-29T04:48:33.552Z,A5,22.29,132,14.93,Surfing/Planing
2026-06-28T20:48:03.272Z,A5,23.90,109,14.29,On Target
2026-06-28T20:45:45.653Z,A5,23.99,108,14.62,On Target
2026-06-29T18:21:16.700Z,A5,24.20,111,13.23,Poor Trim
2026-06-28T23:36:08.451Z,A5,23.99,115,14.36,On Target
2026-06-29T19:38:41.893Z,A5,23.97,113,14.71,On Target
2026-06-29T23:22:26.118Z,A5,24.11,114,13.39,Poor Trim
2026-06-29T20:11:49.373Z,A5,23.84,118,14.90,On Target
2026-06-29T23:11:29.601Z,A5,24.09,122,16.23,Surfing/Planing
2026-06-29T18:01:05.559Z,A5,24.07,119,14.23,On Target
2026-06-29T17:10:16.262Z,A5,23.94,126,15.46,Surfing/Planing
2026-06-29T06:34:35.399Z,A5,23.79,123,14.31,On Target
2026-06-29T08:37:35.655Z,A5,23.70,126,14.64,On Target
2026-06-28T21:16:43.901Z,A5,24.28,131,14.39,On Target
2026-06-28T23:35:06.423Z,A5,24.18,129,14.71,On Target
2026-06-29T15:10:02.183Z,A5,23.86,130,16.83,Surfing/Planing
2026-06-29T10:34:45.894Z,A5,26.02,111,12.77,Poor Trim
2026-06-29T23:15:37.350Z,A5,25.79,112,15.76,On Target
2026-06-29T13:18:38.278Z,A5,25.84,111,13.30,Poor Trim
2026-06-29T15:54:59.522Z,A5,26.19,115,13.60,Poor Trim
2026-06-29T10:50:31.554Z,A5,25.86,113,15.42,On Target
2026-06-29T04:44:14.328Z,A5,26.29,114,14.95,On Target
2026-06-29T03:17:04.973Z,A5,25.74,122,15.08,On Target
2026-06-29T02:48:12.726Z,A5,26.03,119,17.60,Surfing/Planing
2026-06-29T07:28:40.938Z,A5,26.17,120,15.50,On Target
2026-06-29T19:16:20.367Z,A5,25.98,124,13.67,Poor Trim
2026-06-28T21:08:11.284Z,A5,25.70,124,15.07,On Target
2026-06-28T22:09:29.765Z,A5,26.19,124,15.84,On Target
2026-06-29T13:31:40.383Z,A5,26.29,128,15.11,On Target
2026-06-29T07:01:08.456Z,A5,25.72,132,15.41,On Target
2026-06-29T14:36:53.554Z,A5,26.09,130,17.24,Surfing/Planing
2026-06-29T06:22:57.607Z,A3,3.99,124,2.78,Poor Trim
2026-06-29T04:07:56.371Z,A3,4.03,127,3.21,On Target
2026-06-28T22:49:16.613Z,A3,4.14,127,2.71,Poor Trim
2026-06-29T05:49:25.725Z,A3,4.02,131,3.27,On Target
2026-06-29T11:26:08.110Z,A3,3.81,130,2.94,Poor Trim
2026-06-29T22:47:01.213Z,A3,4.08,131,3.28,On Target
2026-06-29T10:46:42.478Z,A3,3.87,134,2.80,Poor Trim
2026-06-29T17:24:10.774Z,A3,3.72,137,3.17,On Target
2026-06-29T10:47:52.461Z,A3,3.79,133,3.13,On Target
2026-06-29T19:46:24.310Z,A3,3.72,138,3.13,On Target
2026-06-29T03:49:21.630Z,A3,3.72,142,3.27,On Target
2026-06-29T21:29:28.276Z,A3,3.71,140,3.28,On Target
2026-06-29T17:35:52.875Z,A3,6.22,127,4.73,On Target
2026-06-29T10:37:29.382Z,A3,5.78,127,4.13,Poor Trim
2026-06-29T07:23:32.089Z,A3,6.02,127,5.26,Surfing/Planing
2026-06-29T09:04:06.085Z,A3,5.73,132,4.33,Poor Trim
2026-06-29T01:58:47.591Z,A3,6.06,132,4.77,On Target
2026-06-29T01:19:19.275Z,A3,6.04,128,4.17,Poor Trim
2026-06-29T18:28:22.439Z,A3,5.93,135,4.78,On Target
2026-06-29T15:25:13.393Z,A3,5.79,134,5.33,Surfing/Planing
2026-06-29T03:11:51.205Z,A3,6.17,137,4.90,On Target
2026-06-29T18:26:57.067Z,A3,6.05,139,4.39,Poor Trim
2026-06-29T14:09:02.996Z,A3,6.07,141,5.44,Surfing/Planing
2026-06-29T23:48:28.617Z,A3,6.26,142,4.96,On Target
2026-06-29T11:38:09.863Z,A3,8.04,125,5.95,Poor Trim
2026-06-29T13:03:54.905Z,A3,8.28,127,6.72,On Target
2026-06-29T22:02:40.626Z,A3,7.99,123,6.65,On Target
2026-06-29T15:57:19.863Z,A3,8.20,129,6.48,On Target
2026-06-29T04:14:28.734Z,A3,8.26,132,6.61,On Target
2026-06-29T05:29:44.956Z,A3,7.82,131,6.70,On Target
2026-06-29T21:16:15.250Z,A3,7.88,136,6.49,On Target
2026-06-29T04:37:11.141Z,A3,8.17,133,6.73,On Target
2026-06-29T15:19:16.009Z,A3,7.77,133,6.70,On Target
2026-06-29T09:13:23.777Z,A3,7.91,140,5.80,Poor Trim
2026-06-29T04:37:33.843Z,A3,8.22,142,7.30,Surfing/Planing
2026-06-29T20:27:32.628Z,A3,8.04,142,6.38,On Target
2026-06-29T01:06:17.582Z,A3,9.92,125,8.30,On Target
2026-06-29T21:36:24.262Z,A3,9.74,126,8.15,On Target
2026-06-29T23:33:30.992Z,A3,10.18,126,8.30,On Target
2026-06-29T15:05:46.702Z,A3,9.85,129,7.41,Poor Trim
2026-06-29T09:48:49.726Z,A3,9.78,132,7.97,On Target
2026-06-29T14:20:46.516Z,A3,9.75,130,6.78,Poor Trim
2026-06-29T12:24:40.272Z,A3,10.18,133,9.34,Surfing/Planing
2026-06-29T08:10:32.553Z,A3,9.75,133,8.37,On Target
2026-06-29T03:15:47.120Z,A3,10.06,134,8.31,On Target
2026-06-29T08:08:42.743Z,A3,10.20,139,8.11,On Target
2026-06-28T20:34:20.842Z,A3,10.11,142,8.44,On Target
2026-06-29T21:25:00.890Z,A3,9.72,141,8.65,Surfing/Planing
2026-06-29T07:14:23.313Z,A3,11.79,127,9.89,On Target
2026-06-29T15:44:42.521Z,A3,12.10,127,10.20,On Target
2026-06-29T20:37:30.212Z,A3,11.94,124,9.94,On Target
2026-06-29T03:09:17.274Z,A3,12.10,128,10.14,On Target
2026-06-29T06:08:25.464Z,A3,12.25,128,8.48,Poor Trim
2026-06-29T06:03:28.542Z,A3,11.80,130,9.12,Poor Trim
2026-06-29T08:43:41.272Z,A3,12.13,134,9.00,Poor Trim
2026-06-29T09:02:03.436Z,A3,11.83,133,9.00,Poor Trim
2026-06-29T05:33:36.824Z,A3,11.95,135,9.88,On Target
2026-06-29T07:48:43.444Z,A3,11.81,140,8.27,Poor Trim
2026-06-29T17:25:00.342Z,A3,11.88,138,10.09,On Target
2026-06-29T19:08:49.609Z,A3,11.93,139,10.22,On Target
2026-06-29T21:15:07.749Z,A3,14.19,123,11.49,On Target
2026-06-29T16:28:38.744Z,A3,14.05,125,11.73,On Target
2026-06-28T23:26:46.101Z,A3,13.74,124,11.81,On Target
2026-06-29T04:04:11.636Z,A3,13.83,131,12.72,Surfing/Planing
2026-06-28T23:57:33.658Z,A3,13.87,128,11.68,On Target
2026-06-29T22:14:38.950Z,A3,13.89,132,11.47,On Target
2026-06-29T07:20:40.776Z,A3,14.27,134,11.67,On Target
2026-06-29T08:23:01.744Z,A3,14.20,136,11.38,On Target
2026-06-29T22:39:40.521Z,A3,14.14,136,12.95,Surfing/Planing
2026-06-29T19:31:11.781Z,A3,13.84,142,11.82,On Target
2026-06-29T20:54:01.399Z,A3,13.93,140,9.63,Poor Trim
2026-06-29T04:03:31.285Z,A3,13.94,141,10.36,Poor Trim
2026-06-29T14:04:49.510Z,A3,16.04,123,13.19,On Target
2026-06-28T22:39:05.283Z,A3,16.04,123,13.26,On Target
2026-06-29T11:54:20.920Z,A3,16.19,123,13.52,On Target
2026-06-29T22:27:41.756Z,A3,16.24,131,13.18,On Target
2026-06-28T21:11:28.788Z,A3,15.78,129,13.05,On Target
2026-06-29T05:24:54.826Z,A3,15.85,131,13.42,On Target
2026-06-29T19:08:22.629Z,A3,16.19,136,15.41,Surfing/Planing
2026-06-28T23:34:34.470Z,A3,15.78,134,13.42,On Target
2026-06-29T18:51:36.415Z,A3,15.75,135,13.46,On Target
2026-06-28T20:23:57.153Z,A3,15.78,142,13.13,On Target
2026-06-29T13:20:25.965Z,A3,15.89,139,13.51,On Target
2026-06-29T19:18:43.524Z,A3,16.29,139,13.00,On Target
2026-06-29T04:41:10.650Z,A3,18.24,124,14.89,On Target
2026-06-29T22:20:09.390Z,A3,18.25,124,14.31,On Target
2026-06-29T08:41:47.626Z,A3,18.16,124,15.85,Surfing/Planing
2026-06-29T08:40:38.703Z,A3,18.24,131,14.93,On Target
2026-06-29T07:54:43.759Z,A3,18.24,132,14.46,On Target
2026-06-29T17:32:20.658Z,A3,18.22,129,14.29,On Target
2026-06-28T20:19:06.910Z,A3,17.86,135,12.62,Poor Trim
2026-06-29T15:55:42.852Z,A3,18.10,136,14.80,On Target
2026-06-29T07:00:04.377Z,A3,18.22,136,14.25,On Target
2026-06-29T00:59:35.858Z,A3,18.01,139,14.90,On Target
2026-06-29T07:23:43.432Z,A3,17.72,139,14.55,On Target
2026-06-29T07:55:46.687Z,A3,18.27,140,15.01,On Target
2026-06-29T12:33:10.550Z,A3,19.94,125,16.26,On Target
2026-06-29T21:48:21.030Z,A3,19.75,125,15.71,On Target
2026-06-29T05:05:06.460Z,A3,20.18,123,16.42,On Target
2026-06-29T22:12:56.093Z,A3,19.87,128,16.13,On Target
2026-06-28T22:54:39.415Z,A3,20.20,130,15.54,On Target
2026-06-29T21:11:09.041Z,A3,19.93,129,17.91,Surfing/Planing
2026-06-29T23:48:03.748Z,A3,20.00,135,15.66,On Target
2026-06-29T18:36:10.493Z,A3,20.16,135,16.43,On Target
2026-06-29T22:54:30.914Z,A3,19.82,136,14.39,Poor Trim
2026-06-28T23:39:42.002Z,A3,20.19,138,14.12,Poor Trim
2026-06-29T00:46:37.160Z,A3,20.26,138,16.20,On Target
2026-06-29T19:16:53.003Z,A3,19.95,138,15.70,On Target
2026-06-29T05:24:21.820Z,A3,21.81,127,14.71,Poor Trim
2026-06-28T21:19:07.847Z,A3,22.03,125,15.29,Poor Trim
2026-06-29T01:36:49.571Z,A3,21.78,123,17.06,On Target
2026-06-29T02:03:12.045Z,A3,22.19,129,17.62,On Target
2026-06-29T18:13:24.765Z,A3,22.29,132,17.75,On Target
2026-06-29T02:42:31.288Z,A3,21.84,129,14.30,Poor Trim
2026-06-29T22:41:32.798Z,A3,21.76,137,14.73,Poor Trim
2026-06-29T00:41:02.291Z,A3,22.17,137,16.84,On Target
2026-06-29T05:54:22.114Z,A3,22.09,137,17.08,On Target
2026-06-29T05:57:19.638Z,A3,21.74,140,14.70,Poor Trim
2026-06-29T04:29:38.539Z,A3,21.93,138,18.53,Surfing/Planing
2026-06-28T21:03:11.523Z,A3,21.75,141,14.18,Poor Trim
2026-06-29T22:33:04.100Z,A3,24.18,124,17.04,Poor Trim
2026-06-29T03:35:16.327Z,A3,24.07,126,18.18,On Target
2026-06-29T22:41:25.927Z,A3,23.84,126,19.02,On Target
2026-06-28T20:59:49.465Z,A3,23.90,129,18.54,On Target
2026-06-29T04:06:03.665Z,A3,24.01,131,19.63,Surfing/Planing
2026-06-29T19:44:30.646Z,A3,24.07,132,18.09,On Target
2026-06-29T02:50:23.861Z,A3,23.78,133,18.04,On Target
2026-06-29T06:09:56.792Z,A3,23.83,134,18.76,On Target
2026-06-29T08:53:27.672Z,A3,24.14,135,19.05,On Target
2026-06-29T13:39:45.968Z,A3,24.16,140,18.75,On Target
2026-06-29T06:18:25.392Z,A3,23.76,142,18.77,On Target
2026-06-28T22:06:54.340Z,A3,23.97,140,19.05,On Target
2026-06-29T14:42:55.347Z,A3,25.90,126,19.66,On Target
2026-06-29T00:44:23.147Z,A3,26.13,124,22.01,Surfing/Planing
2026-06-29T03:23:38.239Z,A3,26.06,125,16.98,Poor Trim
2026-06-29T16:58:56.583Z,A3,25.73,131,20.33,On Target
2026-06-29T11:53:07.128Z,A3,25.84,131,22.55,Surfing/Planing
2026-06-29T18:00:22.325Z,A3,25.85,132,20.02,On Target
2026-06-29T17:18:18.278Z,A3,26.29,137,19.95,On Target
2026-06-29T00:20:08.370Z,A3,25.82,135,20.19,On Target
2026-06-29T23:58:10.555Z,A3,25.74,136,19.92,On Target
2026-06-29T14:56:17.844Z,A3,25.87,141,16.63,Poor Trim
2026-06-29T14:26:24.371Z,A3,25.99,142,17.72,Poor Trim
2026-06-29T15:38:05.463Z,A3,25.85,140,19.89,On Target
2026-06-29T01:25:28.524Z,A2,3.71,142,2.73,On Target
2026-06-29T16:24:05.221Z,A2,4.16,139,2.76,On Target
2026-06-29T11:59:26.382Z,A2,4.24,141,3.07,Surfing/Planing
2026-06-29T10:56:26.153Z,A2,4.19,146,2.98,Surfing/Planing
2026-06-29T20:20:20.939Z,A2,3.75,145,2.78,On Target
2026-06-28T21:24:59.203Z,A2,4.22,143,2.73,On Target
2026-06-29T15:35:10.610Z,A2,3.92,148,2.80,On Target
2026-06-29T00:28:49.726Z,A2,4.06,149,2.87,On Target
2026-06-29T01:26:42.107Z,A2,4.18,151,2.83,On Target
2026-06-29T10:02:23.605Z,A2,3.85,157,2.80,On Target
2026-06-29T02:55:45.106Z,A2,4.16,155,2.82,On Target
2026-06-29T11:10:39.329Z,A2,3.93,154,2.82,On Target
2026-06-29T06:56:00.088Z,A2,3.94,161,2.78,On Target
2026-06-29T13:19:11.895Z,A2,3.81,160,2.74,On Target
2026-06-29T19:53:38.568Z,A2,4.27,160,2.83,On Target
2026-06-29T23:51:57.465Z,A2,4.16,164,3.13,Surfing/Planing
2026-06-28T21:40:07.800Z,A2,4.08,167,2.76,On Target
2026-06-29T07:38:44.789Z,A2,3.89,164,2.80,On Target
2026-06-29T00:20:29.739Z,A2,6.27,138,4.34,On Target
2026-06-29T01:06:03.184Z,A2,6.18,138,4.37,On Target
2026-06-29T05:01:28.978Z,A2,5.97,142,4.49,On Target
2026-06-29T19:03:16.256Z,A2,6.10,145,4.35,On Target
2026-06-29T10:17:15.822Z,A2,5.88,146,3.71,Poor Trim
2026-06-29T01:55:49.459Z,A2,5.72,143,4.29,On Target
2026-06-29T11:03:31.301Z,A2,5.94,148,3.60,Poor Trim
2026-06-29T03:31:24.670Z,A2,6.17,152,3.83,Poor Trim
2026-06-28T22:45:44.681Z,A2,6.27,150,4.96,Surfing/Planing
2026-06-29T00:50:47.186Z,A2,5.99,157,4.39,On Target
2026-06-28T21:09:54.565Z,A2,5.90,157,4.25,On Target
2026-06-29T16:03:41.394Z,A2,6.07,157,4.62,Surfing/Planing
2026-06-29T11:10:07.742Z,A2,6.26,158,4.49,On Target
2026-06-29T10:27:39.306Z,A2,5.74,161,4.42,On Target
2026-06-28T21:19:17.542Z,A2,6.11,159,4.33,On Target
2026-06-29T21:03:44.818Z,A2,6.07,165,4.33,On Target
2026-06-29T17:48:50.271Z,A2,5.83,166,4.48,On Target
2026-06-29T12:11:23.663Z,A2,5.86,167,4.64,Surfing/Planing
2026-06-29T17:12:06.197Z,A2,7.96,141,5.95,On Target
2026-06-29T15:18:10.644Z,A2,7.94,139,6.04,On Target
2026-06-28T21:32:56.120Z,A2,7.78,141,5.94,On Target
2026-06-29T07:11:15.786Z,A2,8.07,143,6.05,On Target
2026-06-29T08:00:42.534Z,A2,8.25,147,5.92,On Target
2026-06-29T03:05:31.529Z,A2,8.29,146,5.88,On Target
2026-06-29T12:42:22.030Z,A2,7.95,150,5.90,On Target
2026-06-29T12:39:39.776Z,A2,7.87,151,5.05,Poor Trim
2026-06-29T18:30:00.901Z,A2,7.83,148,6.38,Surfing/Planing
2026-06-28T21:10:04.706Z,A2,8.29,156,6.42,Surfing/Planing
2026-06-29T15:04:18.775Z,A2,7.94,153,5.90,On Target
2026-06-29T01:13:41.796Z,A2,7.72,153,5.87,On Target
2026-06-29T05:41:06.130Z,A2,8.26,161,5.98,On Target
2026-06-29T15:17:34.095Z,A2,8.27,158,5.77,On Target
2026-06-29T22:31:41.862Z,A2,8.25,162,6.10,On Target
2026-06-29T18:11:04.194Z,A2,8.18,167,5.25,Poor Trim
2026-06-28T20:17:19.234Z,A2,7.75,166,5.95,On Target
2026-06-29T00:08:48.895Z,A2,8.04,164,5.98,On Target
2026-06-29T16:38:34.669Z,A2,10.18,138,8.15,Surfing/Planing
2026-06-29T13:23:28.403Z,A2,9.90,141,7.62,On Target
2026-06-29T17:05:49.373Z,A2,9.95,140,7.37,On Target
2026-06-29T15:33:39.624Z,A2,9.79,143,6.23,Poor Trim
2026-06-29T21:01:48.884Z,A2,10.14,147,7.46,On Target
2026-06-29T00:47:27.120Z,A2,10.15,143,7.39,On Target
2026-06-29T20:37:03.600Z,A2,9.97,151,7.60,On Target
2026-06-29T21:42:52.364Z,A2,10.06,149,6.83,Poor Trim
2026-06-29T00:25:24.713Z,A2,9.84,151,7.31,On Target
2026-06-28T23:21:59.790Z,A2,9.84,155,7.63,On Target
2026-06-29T14:12:05.238Z,A2,10.01,156,7.39,On Target
2026-06-29T06:52:04.992Z,A2,10.18,156,7.56,On Target
2026-06-29T07:12:20.451Z,A2,9.90,159,7.70,On Target
2026-06-29T09:43:38.966Z,A2,9.99,158,7.43,On Target
2026-06-29T23:17:42.627Z,A2,10.13,162,7.28,On Target
2026-06-29T04:00:52.237Z,A2,9.74,163,8.58,Surfing/Planing
2026-06-29T11:37:18.911Z,A2,10.25,164,6.28,Poor Trim
2026-06-29T19:07:22.954Z,A2,9.93,165,8.40,Surfing/Planing
2026-06-29T14:42:36.514Z,A2,11.73,142,8.71,On Target
2026-06-28T21:11:25.805Z,A2,11.88,138,9.15,On Target
2026-06-29T06:57:59.366Z,A2,12.27,142,9.04,On Target
2026-06-29T12:57:09.132Z,A2,11.72,147,9.09,On Target
2026-06-29T21:13:37.901Z,A2,12.07,144,7.88,Poor Trim
2026-06-29T17:49:03.226Z,A2,12.02,146,8.77,On Target
2026-06-28T20:29:22.335Z,A2,12.14,151,8.92,On Target
2026-06-29T21:07:05.995Z,A2,12.03,151,9.48,Surfing/Planing
2026-06-29T10:42:32.082Z,A2,12.19,151,9.09,On Target
2026-06-28T22:23:24.139Z,A2,12.15,153,8.92,On Target
2026-06-29T17:54:04.048Z,A2,12.28,153,9.19,On Target
2026-06-29T14:52:00.375Z,A2,12.05,156,8.75,On Target
2026-06-29T15:34:53.341Z,A2,12.28,160,7.78,Poor Trim
2026-06-29T12:31:02.702Z,A2,11.75,161,9.04,On Target
2026-06-29T05:34:01.998Z,A2,11.86,159,9.55,Surfing/Planing
2026-06-29T05:34:37.719Z,A2,12.00,165,8.85,On Target
2026-06-29T20:22:17.240Z,A2,12.09,165,8.99,On Target
2026-06-29T08:34:24.082Z,A2,11.80,167,7.52,Poor Trim
2026-06-29T14:31:11.801Z,A2,14.27,142,10.42,On Target
2026-06-29T16:11:58.477Z,A2,14.08,139,10.62,On Target
2026-06-29T14:22:50.510Z,A2,13.84,138,10.56,On Target
2026-06-29T11:37:25.463Z,A2,14.00,144,10.13,On Target
2026-06-29T10:03:55.182Z,A2,14.05,143,10.33,On Target
2026-06-29T11:57:59.506Z,A2,13.73,145,10.44,On Target
2026-06-29T04:05:08.825Z,A2,13.75,149,9.50,Poor Trim
2026-06-29T10:29:04.952Z,A2,14.27,152,10.60,On Target
2026-06-28T23:24:57.262Z,A2,14.08,149,11.58,Surfing/Planing
2026-06-29T17:50:34.550Z,A2,14.15,155,10.16,On Target
2026-06-29T14:38:57.873Z,A2,14.13,153,10.28,On Target
2026-06-29T00:46:09.218Z,A2,13.81,155,9.36,Poor Trim
2026-06-28T23:29:13.638Z,A2,14.23,159,10.49,On Target
2026-06-28T20:54:17.862Z,A2,14.24,159,10.47,On Target
2026-06-29T15:40:16.392Z,A2,13.71,161,10.45,On Target
2026-06-29T01:22:34.711Z,A2,14.27,164,10.33,On Target
2026-06-29T14:38:34.250Z,A2,14.06,165,9.22,Poor Trim
2026-06-29T13:32:14.476Z,A2,14.25,166,9.15,Poor Trim
2026-06-29T00:13:50.143Z,A2,15.94,142,11.71,On Target
2026-06-29T19:39:50.390Z,A2,16.11,141,10.00,Poor Trim
2026-06-29T18:15:51.033Z,A2,16.26,139,12.02,On Target
2026-06-29T15:39:50.003Z,A2,15.93,143,11.97,On Target
2026-06-29T15:45:20.430Z,A2,15.85,145,13.47,Surfing/Planing
2026-06-29T17:06:36.842Z,A2,15.72,146,11.97,On Target
2026-06-29T09:47:22.691Z,A2,16.09,152,12.13,On Target
2026-06-29T07:15:38.961Z,A2,16.03,151,10.42,Poor Trim
2026-06-28T23:35:39.626Z,A2,15.84,150,10.58,Poor Trim
2026-06-29T11:00:03.089Z,A2,15.80,155,11.70,On Target
2026-06-28T22:40:35.805Z,A2,16.10,153,12.93,Surfing/Planing
2026-06-29T02:03:44.590Z,A2,16.15,155,13.64,Surfing/Planing
2026-06-29T08:17:36.266Z,A2,15.79,159,12.04,On Target
2026-06-29T11:04:38.376Z,A2,15.73,162,11.59,On Target
2026-06-29T20:43:15.498Z,A2,15.91,161,12.19,On Target
2026-06-28T20:23:50.754Z,A2,16.08,167,11.64,On Target
2026-06-29T22:49:10.147Z,A2,16.09,167,11.65,On Target
2026-06-29T03:07:11.564Z,A2,16.25,163,11.86,On Target
2026-06-29T09:10:57.718Z,A2,17.93,140,15.09,Surfing/Planing
2026-06-29T03:03:07.715Z,A2,17.78,139,13.34,On Target
2026-06-29T21:30:09.563Z,A2,18.04,138,13.44,On Target
2026-06-29T05:32:43.540Z,A2,18.26,147,15.03,Surfing/Planing
2026-06-29T04:18:16.939Z,A2,17.89,147,13.79,On Target
2026-06-29T10:30:45.924Z,A2,18.04,147,14.03,On Target
2026-06-29T08:43:06.577Z,A2,18.16,152,11.33,Poor Trim
2026-06-28T23:16:08.555Z,A2,18.13,151,14.02,On Target
2026-06-29T23:38:40.409Z,A2,17.79,151,13.70,On Target
2026-06-29T18:01:28.403Z,A2,17.84,154,13.87,On Target
2026-06-29T19:55:54.246Z,A2,18.02,156,15.40,Surfing/Planing
2026-06-29T15:34:13.235Z,A2,17.80,153,11.40,Poor Trim
2026-06-29T16:47:12.506Z,A2,17.86,160,14.10,On Target
2026-06-29T05:14:39.846Z,A2,18.24,161,13.73,On Target
2026-06-28T21:55:15.396Z,A2,17.79,160,14.06,On Target
2026-06-29T03:56:59.231Z,A2,17.93,165,13.43,On Target
2026-06-29T02:09:51.760Z,A2,17.93,163,13.62,On Target
2026-06-28T22:26:51.503Z,A2,17.75,165,13.71,On Target
2026-06-29T07:16:09.959Z,A2,20.12,140,17.30,Surfing/Planing
2026-06-29T13:48:47.733Z,A2,20.24,142,13.23,Poor Trim
2026-06-29T19:15:37.379Z,A2,20.05,139,15.39,On Target
2026-06-29T17:09:16.958Z,A2,19.89,147,15.51,On Target
2026-06-29T19:27:51.083Z,A2,20.03,146,13.20,Poor Trim
2026-06-29T22:38:46.838Z,A2,19.78,147,15.73,On Target
2026-06-29T23:37:02.773Z,A2,20.08,150,15.38,On Target
2026-06-29T00:39:46.304Z,A2,19.86,149,15.64,On Target
2026-06-29T01:16:26.890Z,A2,20.23,148,15.16,On Target
2026-06-29T04:19:39.769Z,A2,20.22,157,15.60,On Target
2026-06-28T23:52:36.350Z,A2,20.09,157,15.44,On Target
2026-06-29T14:11:20.260Z,A2,19.71,155,15.34,On Target
2026-06-29T23:29:32.669Z,A2,19.77,161,15.60,On Target
2026-06-29T15:18:53.426Z,A2,19.76,158,15.37,On Target
2026-06-29T03:59:34.139Z,A2,20.27,162,15.23,On Target
2026-06-29T15:44:40.998Z,A2,19.98,163,15.60,On Target
2026-06-29T04:33:45.092Z,A2,19.90,166,15.59,On Target
2026-06-28T22:49:57.794Z,A2,20.22,166,13.99,Poor Trim
2026-06-29T01:47:26.390Z,A2,21.87,138,17.51,On Target
2026-06-28T23:08:19.742Z,A2,22.26,142,18.72,Surfing/Planing
2026-06-29T06:54:50.872Z,A2,22.02,138,18.33,Surfing/Planing
2026-06-28T22:44:07.487Z,A2,21.97,144,17.73,On Target
2026-06-29T18:42:09.796Z,A2,22.19,145,19.10,Surfing/Planing
2026-06-29T22:01:33.516Z,A2,22.15,147,16.91,On Target
2026-06-29T20:13:21.357Z,A2,22.10,151,17.21,On Target
2026-06-29T05:46:37.408Z,A2,21.86,152,17.13,On Target
2026-06-29T12:47:40.292Z,A2,21.80,149,17.24,On Target
2026-06-29T09:42:25.922Z,A2,22.04,155,16.94,On Target
2026-06-29T13:36:36.593Z,A2,22.00,156,19.80,Surfing/Planing
2026-06-29T13:19:08.802Z,A2,22.19,156,17.87,On Target
2026-06-29T10:18:52.825Z,A2,22.05,158,18.49,Surfing/Planing
2026-06-29T10:58:13.170Z,A2,22.27,162,17.79,On Target
2026-06-29T03:10:42.086Z,A2,21.83,158,15.03,Poor Trim
2026-06-29T12:02:11.552Z,A2,21.99,167,17.34,On Target
2026-06-29T03:43:04.360Z,A2,22.19,165,16.93,On Target
2026-06-29T05:25:04.283Z,A2,22.23,163,17.87,On Target
2026-06-29T04:39:16.615Z,A2,24.15,141,16.77,Poor Trim
2026-06-29T19:43:12.934Z,A2,24.15,142,19.09,On Target
2026-06-29T10:47:44.958Z,A2,24.27,139,19.30,On Target
2026-06-29T07:56:55.625Z,A2,24.08,143,18.91,On Target
2026-06-29T14:00:14.277Z,A2,23.93,147,18.82,On Target
2026-06-29T07:06:31.815Z,A2,23.84,145,19.73,On Target
2026-06-28T23:26:19.147Z,A2,24.24,148,16.76,Poor Trim
2026-06-29T07:39:39.292Z,A2,23.98,149,19.09,On Target
2026-06-29T19:21:06.705Z,A2,24.23,149,18.62,On Target
2026-06-28T23:57:52.766Z,A2,23.81,156,19.74,On Target
2026-06-29T17:38:17.351Z,A2,23.85,156,19.17,On Target
2026-06-29T20:47:52.176Z,A2,24.05,155,17.48,Poor Trim
2026-06-28T20:17:26.385Z,A2,24.30,158,19.73,On Target
2026-06-29T16:56:52.978Z,A2,24.22,160,19.67,On Target
2026-06-29T19:00:59.906Z,A2,23.88,158,19.33,On Target
2026-06-29T17:20:58.564Z,A2,24.29,167,19.74,On Target
2026-06-29T14:04:48.765Z,A2,23.99,163,19.10,On Target
2026-06-29T03:28:56.387Z,A2,24.07,165,21.84,Surfing/Planing
2026-06-29T10:50:29.143Z,A2,26.01,141,21.30,On Target
2026-06-29T17:00:23.635Z,A2,26.12,142,21.51,On Target
2026-06-29T09:02:31.095Z,A2,26.17,139,18.62,Poor Trim
2026-06-29T11:35:58.591Z,A2,25.73,146,20.63,On Target
2026-06-29T14:05:22.418Z,A2,26.11,145,20.52,On Target
2026-06-28T21:33:07.325Z,A2,26.21,143,20.72,On Target
2026-06-29T19:37:56.601Z,A2,25.80,151,20.61,On Target
2026-06-29T10:34:25.433Z,A2,26.00,150,21.58,On Target
2026-06-29T19:47:49.317Z,A2,25.88,149,20.86,On Target
2026-06-29T12:41:38.289Z,A2,25.83,156,20.86,On Target
2026-06-29T01:55:19.136Z,A2,26.00,153,18.86,Poor Trim
2026-06-29T02:22:01.735Z,A2,26.08,153,23.23,Surfing/Planing
2026-06-29T00:58:30.302Z,A2,25.71,161,23.17,Surfing/Planing
2026-06-29T15:11:25.075Z,A2,25.96,158,19.30,Poor Trim
2026-06-29T00:37:42.551Z,A2,25.74,159,20.48,On Target
2026-06-29T12:03:43.217Z,A2,25.85,167,20.99,On Target
2026-06-29T13:37:43.688Z,A2,25.92,165,18.02,Poor Trim
2026-06-29T13:15:49.842Z,A2,25.73,165,21.07,On Target
2026-06-28T20:54:57.708Z,S1.5,3.98,149,2.55,On Target
2026-06-29T17:19:39.155Z,S1.5,3.72,149,2.80,Surfing/Planing
2026-06-29T23:08:18.817Z,S1.5,3.75,150,2.66,On Target
2026-06-29T15:26:30.008Z,S1.5,3.87,153,2.62,On Target
2026-06-29T02:01:59.284Z,S1.5,3.79,154,2.67,On Target
2026-06-29T20:33:55.118Z,S1.5,3.87,156,2.56,On Target
2026-06-29T17:17:40.053Z,S1.5,3.79,161,2.64,On Target
2026-06-29T06:10:32.808Z,S1.5,3.97,159,2.82,Surfing/Planing
2026-06-29T22:14:57.802Z,S1.5,4.02,161,2.58,On Target
2026-06-29T09:57:57.077Z,S1.5,3.79,166,2.66,On Target
2026-06-29T01:24:22.518Z,S1.5,3.91,165,2.63,On Target
2026-06-29T16:45:48.589Z,S1.5,3.74,163,2.78,Surfing/Planing
2026-06-29T23:16:46.761Z,S1.5,4.15,168,2.63,On Target
2026-06-29T17:39:30.355Z,S1.5,3.76,168,2.63,On Target
2026-06-28T23:22:21.383Z,S1.5,4.28,171,2.64,On Target
2026-06-29T15:25:36.976Z,S1.5,6.08,150,4.11,On Target
2026-06-29T14:55:16.392Z,S1.5,5.81,150,4.10,On Target
2026-06-29T04:55:57.689Z,S1.5,5.94,148,3.51,Poor Trim
2026-06-29T17:03:54.740Z,S1.5,6.16,157,4.00,On Target
2026-06-29T09:01:22.801Z,S1.5,6.25,155,4.00,On Target
2026-06-28T21:32:34.486Z,S1.5,6.07,157,4.51,Surfing/Planing
2026-06-29T18:01:40.997Z,S1.5,5.83,162,3.98,On Target
2026-06-29T12:45:03.441Z,S1.5,6.02,160,4.01,On Target
2026-06-29T18:40:58.836Z,S1.5,5.86,158,3.52,Poor Trim
2026-06-29T16:59:12.178Z,S1.5,6.21,167,4.08,On Target
2026-06-29T12:02:44.292Z,S1.5,5.88,164,3.98,On Target
2026-06-28T21:29:18.870Z,S1.5,6.18,165,3.95,On Target
2026-06-29T17:01:40.069Z,S1.5,5.83,168,4.14,On Target
2026-06-29T04:35:38.699Z,S1.5,5.71,168,3.99,On Target
2026-06-29T12:24:07.001Z,S1.5,5.77,168,4.15,On Target
2026-06-29T12:04:27.495Z,S1.5,7.97,151,4.89,Poor Trim
2026-06-29T22:08:53.540Z,S1.5,8.15,151,5.59,On Target
2026-06-29T00:05:32.998Z,S1.5,7.93,148,6.17,Surfing/Planing
2026-06-29T10:25:32.796Z,S1.5,8.10,155,5.08,Poor Trim
2026-06-29T04:59:52.254Z,S1.5,8.25,155,6.35,Surfing/Planing
2026-06-29T21:35:00.769Z,S1.5,7.86,157,5.59,On Target
2026-06-28T22:08:18.541Z,S1.5,8.12,162,5.47,On Target
2026-06-29T00:21:07.826Z,S1.5,7.99,160,5.53,On Target
2026-06-29T20:05:35.095Z,S1.5,8.24,159,5.44,On Target
2026-06-29T20:56:21.024Z,S1.5,7.84,163,5.49,On Target
2026-06-29T00:31:02.927Z,S1.5,8.20,165,4.84,Poor Trim
2026-06-29T05:56:32.563Z,S1.5,8.05,164,5.48,On Target
2026-06-29T03:28:25.401Z,S1.5,7.77,169,5.67,On Target
2026-06-29T01:39:25.157Z,S1.5,8.02,169,5.62,On Target
2026-06-29T03:15:13.895Z,S1.5,7.93,170,5.62,On Target
2026-06-29T06:44:18.563Z,S1.5,9.91,148,6.05,Poor Trim
2026-06-29T01:22:04.342Z,S1.5,9.90,148,8.04,Surfing/Planing
2026-06-29T10:09:30.737Z,S1.5,10.25,149,7.39,Surfing/Planing
2026-06-29T23:40:43.955Z,S1.5,9.99,157,7.17,On Target
2026-06-29T05:58:40.732Z,S1.5,10.02,157,7.02,On Target
2026-06-29T21:12:17.625Z,S1.5,9.95,155,6.86,On Target
2026-06-29T06:01:05.494Z,S1.5,9.73,162,6.96,On Target
2026-06-29T17:30:12.836Z,S1.5,10.02,160,6.36,Poor Trim
2026-06-29T20:44:58.921Z,S1.5,10.12,160,7.39,Surfing/Planing
2026-06-28T21:38:13.530Z,S1.5,9.75,166,6.99,On Target
2026-06-29T16:37:41.310Z,S1.5,9.72,166,7.19,On Target
2026-06-29T10:01:06.372Z,S1.5,9.73,166,5.93,Poor Trim
2026-06-29T11:10:05.274Z,S1.5,9.72,170,7.39,Surfing/Planing
2026-06-29T16:10:19.658Z,S1.5,10.26,168,6.02,Poor Trim
2026-06-29T07:27:22.840Z,S1.5,10.11,172,6.84,On Target
2026-06-29T00:15:01.547Z,S1.5,12.23,152,8.20,On Target
2026-06-29T06:03:42.976Z,S1.5,12.28,152,8.48,On Target
2026-06-28T22:06:15.668Z,S1.5,11.86,148,9.26,Surfing/Planing
2026-06-29T21:19:17.265Z,S1.5,12.18,153,8.24,On Target
2026-06-29T19:51:55.791Z,S1.5,11.89,157,7.55,Poor Trim
2026-06-29T04:03:24.097Z,S1.5,12.06,154,8.48,On Target
2026-06-28T23:04:09.484Z,S1.5,12.08,159,8.57,On Target
2026-06-29T14:29:17.109Z,S1.5,11.80,161,8.27,On Target
2026-06-28T20:29:07.824Z,S1.5,12.04,162,8.48,On Target
2026-06-29T21:21:33.524Z,S1.5,11.72,163,8.52,On Target
2026-06-29T16:03:52.706Z,S1.5,11.72,167,8.25,On Target
2026-06-29T09:42:46.024Z,S1.5,12.11,164,8.42,On Target
2026-06-29T01:48:09.741Z,S1.5,12.00,169,8.76,Surfing/Planing
2026-06-29T20:44:54.962Z,S1.5,12.17,169,8.46,On Target
2026-06-29T01:12:10.254Z,S1.5,11.98,171,8.21,On Target
2026-06-29T19:48:31.623Z,S1.5,14.28,148,8.87,Poor Trim
2026-06-29T17:14:10.778Z,S1.5,13.82,149,9.47,On Target
2026-06-29T09:44:24.496Z,S1.5,13.83,152,10.70,Surfing/Planing
2026-06-28T23:28:44.344Z,S1.5,14.10,155,10.95,Surfing/Planing
2026-06-29T18:36:43.262Z,S1.5,13.96,156,10.60,Surfing/Planing
2026-06-29T15:03:17.163Z,S1.5,13.76,155,9.79,On Target
2026-06-29T11:25:10.518Z,S1.5,14.07,160,9.67,On Target
2026-06-29T13:14:21.266Z,S1.5,14.21,158,9.52,On Target
2026-06-29T00:30:07.559Z,S1.5,14.20,161,9.59,On Target
2026-06-29T07:04:28.300Z,S1.5,13.78,164,9.53,On Target
2026-06-29T14:56:53.608Z,S1.5,14.19,163,9.66,On Target
2026-06-29T11:44:19.347Z,S1.5,14.19,167,9.75,On Target
2026-06-29T13:32:02.680Z,S1.5,13.77,170,8.35,Poor Trim
2026-06-29T16:05:26.855Z,S1.5,14.14,172,8.88,Poor Trim
2026-06-28T21:31:05.445Z,S1.5,13.84,170,9.52,On Target
2026-06-28T23:46:17.192Z,S1.5,16.29,150,9.34,Poor Trim
2026-06-28T20:58:49.058Z,S1.5,15.98,152,10.78,On Target
2026-06-29T05:45:07.554Z,S1.5,15.85,149,10.70,On Target
2026-06-29T18:46:40.717Z,S1.5,16.27,156,11.30,On Target
2026-06-28T20:49:31.574Z,S1.5,15.87,156,11.28,On Target
2026-06-29T14:48:24.702Z,S1.5,15.85,156,10.93,On Target
2026-06-29T11:59:10.534Z,S1.5,15.78,160,10.99,On Target
2026-06-29T13:10:43.804Z,S1.5,16.15,160,10.92,On Target
2026-06-29T03:47:12.348Z,S1.5,16.23,162,11.31,On Target
2026-06-29T14:31:01.487Z,S1.5,15.93,165,9.96,Poor Trim
2026-06-29T08:07:14.057Z,S1.5,15.77,164,11.08,On Target
2026-06-29T14:44:26.805Z,S1.5,16.18,166,9.96,Poor Trim
2026-06-29T18:11:41.912Z,S1.5,15.97,171,10.86,On Target
2026-06-29T04:21:44.144Z,S1.5,15.84,168,10.90,On Target
2026-06-29T12:34:58.342Z,S1.5,16.22,169,11.00,On Target
2026-06-29T20:09:15.387Z,S1.5,18.12,148,12.45,On Target
2026-06-29T17:24:57.187Z,S1.5,18.03,149,12.63,On Target
2026-06-29T14:05:29.449Z,S1.5,17.74,151,12.73,On Target
2026-06-29T21:40:08.328Z,S1.5,17.72,157,14.16,Surfing/Planing
2026-06-29T03:46:48.684Z,S1.5,18.10,155,12.13,On Target
2026-06-29T13:54:24.373Z,S1.5,18.20,153,10.80,Poor Trim
2026-06-28T23:56:59.856Z,S1.5,17.97,160,10.23,Poor Trim
2026-06-29T02:03:27.459Z,S1.5,17.87,162,10.50,Poor Trim
2026-06-29T14:00:35.121Z,S1.5,18.28,158,13.66,Surfing/Planing
2026-06-29T12:16:42.202Z,S1.5,18.23,164,12.73,On Target
2026-06-29T23:16:16.372Z,S1.5,18.11,166,12.51,On Target
2026-06-29T23:51:29.603Z,S1.5,17.74,163,12.09,On Target
2026-06-29T04:02:42.938Z,S1.5,18.16,170,12.72,On Target
2026-06-29T14:06:35.525Z,S1.5,18.14,172,12.51,On Target
2026-06-28T23:34:43.623Z,S1.5,18.23,168,12.15,On Target
2026-06-29T02:19:43.777Z,S1.5,19.85,151,15.31,Surfing/Planing
2026-06-29T10:50:41.403Z,S1.5,20.00,148,11.79,Poor Trim
2026-06-29T00:10:32.771Z,S1.5,20.07,151,13.57,On Target
2026-06-28T21:01:58.576Z,S1.5,19.83,154,15.27,Surfing/Planing
2026-06-29T19:59:42.086Z,S1.5,20.24,157,12.42,Poor Trim
2026-06-29T02:23:38.722Z,S1.5,20.13,157,13.74,On Target
2026-06-28T21:45:40.200Z,S1.5,20.03,162,12.42,Poor Trim
2026-06-29T20:33:23.784Z,S1.5,20.15,158,15.88,Surfing/Planing
2026-06-29T00:02:11.211Z,S1.5,20.10,159,12.00,Poor Trim
2026-06-29T04:34:36.499Z,S1.5,19.92,163,14.28,On Target
2026-06-28T22:11:01.271Z,S1.5,20.30,164,13.67,On Target
2026-06-29T17:27:23.171Z,S1.5,19.78,165,13.89,On Target
2026-06-29T11:51:05.584Z,S1.5,19.98,171,14.30,On Target
2026-06-28T21:21:17.118Z,S1.5,20.22,169,14.13,On Target
2026-06-29T15:17:04.381Z,S1.5,20.08,169,15.03,Surfing/Planing
2026-06-29T01:42:26.868Z,S1.5,21.83,149,16.48,Surfing/Planing
2026-06-29T04:16:44.293Z,S1.5,21.73,149,14.92,On Target
2026-06-29T14:30:38.462Z,S1.5,21.87,150,15.41,On Target
2026-06-29T00:04:43.234Z,S1.5,22.02,155,15.06,On Target
2026-06-29T23:40:29.106Z,S1.5,22.17,157,12.85,Poor Trim
2026-06-29T19:38:32.058Z,S1.5,22.21,155,13.42,Poor Trim
2026-06-29T01:39:24.022Z,S1.5,22.04,162,15.40,On Target
2026-06-29T10:46:41.655Z,S1.5,21.84,161,15.19,On Target
2026-06-29T23:17:07.458Z,S1.5,21.97,158,15.58,On Target
2026-06-29T10:03:50.583Z,S1.5,21.81,165,15.67,On Target
2026-06-28T21:35:25.713Z,S1.5,21.71,167,14.99,On Target
2026-06-29T08:20:04.101Z,S1.5,22.12,164,14.96,On Target
2026-06-29T09:17:36.728Z,S1.5,21.71,169,15.65,On Target
2026-06-29T09:25:34.155Z,S1.5,21.95,171,15.82,On Target
2026-06-29T02:58:00.380Z,S1.5,22.02,168,13.73,Poor Trim
2026-06-29T11:39:51.065Z,S1.5,24.11,152,17.22,On Target
2026-06-29T08:45:16.729Z,S1.5,24.10,151,14.83,Poor Trim
2026-06-29T12:38:08.531Z,S1.5,23.95,148,19.32,Surfing/Planing
2026-06-29T02:19:54.504Z,S1.5,23.96,157,14.87,Poor Trim
2026-06-28T21:50:52.594Z,S1.5,24.09,154,16.76,On Target
2026-06-29T23:41:30.186Z,S1.5,23.95,153,15.25,Poor Trim
2026-06-29T19:06:23.703Z,S1.5,23.70,160,14.02,Poor Trim
2026-06-29T15:11:20.136Z,S1.5,23.77,158,18.85,Surfing/Planing
2026-06-29T16:46:59.245Z,S1.5,24.00,159,17.33,On Target
2026-06-29T21:06:06.449Z,S1.5,23.88,167,17.32,On Target
2026-06-29T10:30:09.472Z,S1.5,24.21,163,16.96,On Target
2026-06-29T23:48:30.544Z,S1.5,24.02,164,17.03,On Target
2026-06-29T10:00:19.395Z,S1.5,23.82,169,16.71,On Target
2026-06-29T15:45:24.580Z,S1.5,24.03,170,14.95,Poor Trim
2026-06-29T14:04:47.343Z,S1.5,23.81,172,17.16,On Target
2026-06-29T22:51:43.205Z,S1.5,25.76,151,19.32,Surfing/Planing
2026-06-29T20:37:23.167Z,S1.5,25.75,152,18.60,On Target
2026-06-29T21:21:56.180Z,S1.5,25.73,148,19.96,Surfing/Planing
2026-06-29T04:37:25.309Z,S1.5,25.75,154,19.85,Surfing/Planing
2026-06-28T23:01:07.688Z,S1.5,26.11,157,19.91,Surfing/Planing
2026-06-29T04:54:47.733Z,S1.5,25.92,156,18.67,On Target
2026-06-29T01:41:38.523Z,S1.5,25.90,162,17.92,On Target
2026-06-29T07:34:23.816Z,S1.5,25.75,158,18.01,On Target
2026-06-29T17:52:44.475Z,S1.5,26.01,159,15.39,Poor Trim
2026-06-29T05:10:37.500Z,S1.5,25.96,163,17.87,On Target
2026-06-29T03:47:17.763Z,S1.5,25.90,164,20.17,Surfing/Planing
2026-06-29T19:42:54.098Z,S1.5,25.83,164,19.26,Surfing/Planing
2026-06-28T22:06:54.131Z,S1.5,25.98,171,19.43,Surfing/Planing
2026-06-29T11:00:18.613Z,S1.5,25.85,172,19.84,Surfing/Planing
2026-06-29T18:32:35.743Z,S1.5,26.27,169,16.74,Poor Trim
2026-06-29T21:25:13.026Z,S1,3.93,167,2.14,On Target
2026-06-29T13:42:05.078Z,S1,4.11,167,2.18,On Target
2026-06-29T18:27:40.110Z,S1,3.80,166,2.24,On Target
2026-06-29T04:34:34.169Z,S1,3.80,171,1.98,Poor Trim
2026-06-29T18:27:22.474Z,S1,3.93,169,2.22,On Target
2026-06-29T02:47:19.195Z,S1,4.12,171,2.22,On Target
2026-06-29T09:33:38.707Z,S1,3.81,173,1.92,Poor Trim
2026-06-28T21:54:01.793Z,S1,4.01,177,2.21,On Target
2026-06-29T13:51:24.670Z,S1,4.23,175,2.16,On Target
2026-06-29T11:56:28.603Z,S1,4.16,178,2.24,On Target
2026-06-29T23:10:09.229Z,S1,3.91,180,2.18,On Target
2026-06-29T11:34:22.928Z,S1,4.04,178,2.52,Surfing/Planing
2026-06-29T09:02:15.298Z,S1,5.84,167,3.61,On Target
2026-06-28T20:54:12.703Z,S1,5.80,165,3.94,Surfing/Planing
2026-06-29T00:57:18.211Z,S1,6.10,166,3.54,On Target
2026-06-29T03:13:20.773Z,S1,5.95,172,3.57,On Target
2026-06-28T21:50:23.118Z,S1,6.02,169,2.98,Poor Trim
2026-06-29T13:32:16.169Z,S1,6.29,172,3.55,On Target
2026-06-29T00:11:28.672Z,S1,6.15,174,4.10,Surfing/Planing
2026-06-29T18:48:54.408Z,S1,6.30,175,3.02,Poor Trim
2026-06-29T22:41:19.734Z,S1,6.04,175,3.04,Poor Trim
2026-06-28T21:21:32.327Z,S1,6.16,178,3.51,On Target
2026-06-29T20:27:57.481Z,S1,6.07,182,3.61,On Target
2026-06-29T03:08:18.685Z,S1,6.23,182,3.62,On Target
2026-06-29T02:40:42.963Z,S1,8.29,166,5.07,On Target
2026-06-29T16:15:17.095Z,S1,8.07,167,4.84,On Target
2026-06-28T23:36:32.013Z,S1,7.84,163,5.63,Surfing/Planing
2026-06-29T18:22:24.116Z,S1,8.10,170,4.32,Poor Trim
2026-06-29T00:06:17.886Z,S1,7.73,169,5.57,Surfing/Planing
2026-06-29T06:42:18.590Z,S1,7.98,172,5.44,Surfing/Planing
2026-06-28T20:15:24.430Z,S1,8.19,177,4.39,Poor Trim
2026-06-29T16:22:32.851Z,S1,7.87,176,4.36,Poor Trim
2026-06-29T06:54:36.894Z,S1,7.88,176,5.02,On Target
2026-06-29T01:42:18.269Z,S1,8.30,180,4.53,Poor Trim
2026-06-28T21:37:32.155Z,S1,7.78,179,4.16,Poor Trim
2026-06-29T10:55:02.848Z,S1,8.07,178,5.02,On Target
2026-06-29T18:05:52.286Z,S1,10.00,163,5.32,Poor Trim
2026-06-29T09:06:22.467Z,S1,9.89,166,6.66,Surfing/Planing
2026-06-29T00:36:25.118Z,S1,10.16,166,6.33,On Target
2026-06-29T14:59:30.733Z,S1,10.10,170,7.16,Surfing/Planing
2026-06-28T20:27:44.926Z,S1,9.75,172,6.14,On Target
2026-06-29T01:57:16.381Z,S1,9.89,172,5.44,Poor Trim
2026-06-29T02:16:47.503Z,S1,9.81,174,6.28,On Target
2026-06-28T22:54:14.496Z,S1,10.13,175,6.45,On Target
2026-06-29T16:27:18.649Z,S1,9.97,175,6.17,On Target
2026-06-29T23:57:55.092Z,S1,9.84,178,6.40,On Target
2026-06-29T05:40:39.090Z,S1,10.29,180,6.18,On Target
2026-06-29T02:02:52.046Z,S1,9.75,181,6.70,Surfing/Planing
2026-06-29T07:38:45.092Z,S1,12.23,166,7.15,On Target
2026-06-29T21:49:27.840Z,S1,11.80,163,7.22,On Target
2026-06-29T00:10:47.042Z,S1,11.71,163,7.15,On Target
2026-06-29T11:32:51.571Z,S1,11.87,172,7.49,On Target
2026-06-29T13:38:45.391Z,S1,11.99,169,7.43,On Target
2026-06-29T08:00:18.144Z,S1,12.03,170,7.53,On Target
2026-06-29T20:30:18.941Z,S1,12.14,173,7.52,On Target
2026-06-29T02:29:48.752Z,S1,12.08,173,7.93,Surfing/Planing
2026-06-29T23:52:20.269Z,S1,12.10,176,7.51,On Target
2026-06-29T01:52:38.155Z,S1,12.18,179,6.41,Poor Trim
2026-06-29T05:53:00.503Z,S1,11.74,179,7.47,On Target
2026-06-29T03:25:27.077Z,S1,12.13,182,7.27,On Target
2026-06-29T19:10:22.393Z,S1,14.29,163,8.36,On Target
2026-06-29T19:10:21.144Z,S1,13.98,166,8.38,On Target
2026-06-28T22:56:51.631Z,S1,14.09,165,8.55,On Target
2026-06-29T20:41:39.190Z,S1,13.83,168,9.44,Surfing/Planing
2026-06-29T20:34:26.129Z,S1,14.14,169,8.15,On Target
2026-06-28T22:16:13.476Z,S1,13.78,168,8.39,On Target
2026-06-29T05:03:13.193Z,S1,13.80,173,8.60,On Target
2026-06-29T13:11:35.491Z,S1,13.92,174,8.12,On Target
2026-06-29T20:47:26.445Z,S1,14.08,177,8.47,On Target
2026-06-29T08:51:11.758Z,S1,13.81,178,9.35,Surfing/Planing
2026-06-29T00:35:55.008Z,S1,14.21,179,7.34,Poor Trim
2026-06-29T19:19:47.257Z,S1,13.99,182,7.27,Poor Trim
2026-06-29T13:00:24.306Z,S1,16.08,166,9.28,On Target
2026-06-29T03:37:09.870Z,S1,16.18,164,7.90,Poor Trim
2026-06-29T08:34:43.802Z,S1,16.08,163,9.34,On Target
2026-06-29T19:24:14.873Z,S1,16.05,172,9.58,On Target
2026-06-29T08:04:04.114Z,S1,15.72,172,10.32,Surfing/Planing
2026-06-28T22:45:31.003Z,S1,16.05,168,9.29,On Target
2026-06-29T02:56:14.561Z,S1,15.84,177,8.63,Poor Trim
2026-06-29T15:01:26.147Z,S1,16.25,176,10.73,Surfing/Planing
2026-06-29T14:29:02.864Z,S1,15.73,176,9.97,Surfing/Planing
2026-06-29T09:07:49.800Z,S1,16.28,181,9.59,On Target
2026-06-29T13:21:13.527Z,S1,15.78,181,9.55,On Target
2026-06-28T22:01:26.403Z,S1,16.23,179,9.16,On Target
2026-06-29T16:29:00.797Z,S1,17.93,165,10.79,On Target
2026-06-29T08:12:12.748Z,S1,17.87,166,10.73,On Target
2026-06-29T10:18:12.685Z,S1,17.76,166,10.56,On Target
2026-06-29T13:27:40.100Z,S1,18.04,168,10.68,On Target
2026-06-29T07:14:31.441Z,S1,17.81,172,10.79,On Target
2026-06-29T22:01:57.775Z,S1,17.87,168,10.35,On Target
2026-06-29T02:31:50.439Z,S1,17.95,173,10.35,On Target
2026-06-29T05:38:15.446Z,S1,17.97,174,10.29,On Target
2026-06-29T07:48:47.427Z,S1,17.96,176,10.72,On Target
2026-06-29T09:09:34.738Z,S1,17.71,180,9.09,Poor Trim
2026-06-29T10:35:11.387Z,S1,18.01,181,10.45,On Target
2026-06-28T21:21:00.018Z,S1,18.00,181,9.09,Poor Trim
2026-06-28T23:35:52.541Z,S1,20.07,167,11.49,On Target
2026-06-29T02:38:20.344Z,S1,20.10,164,11.22,On Target
2026-06-29T12:41:32.126Z,S1,19.80,163,9.56,Poor Trim
2026-06-28T22:59:40.484Z,S1,20.18,172,11.64,On Target
2026-06-29T11:23:38.690Z,S1,19.89,171,11.22,On Target
2026-06-29T05:39:23.861Z,S1,20.00,170,11.51,On Target
2026-06-29T22:33:34.587Z,S1,20.14,176,12.45,Surfing/Planing
2026-06-29T23:47:30.369Z,S1,19.78,176,12.95,Surfing/Planing
2026-06-28T22:28:36.944Z,S1,19.94,173,12.46,Surfing/Planing
2026-06-28T21:15:36.747Z,S1,20.19,178,11.52,On Target
2026-06-29T05:41:08.304Z,S1,20.22,181,11.84,On Target
2026-06-29T18:48:23.337Z,S1,20.09,179,11.58,On Target
2026-06-29T06:50:18.109Z,S1,21.91,167,12.57,On Target
2026-06-29T08:40:28.539Z,S1,21.76,167,11.03,Poor Trim
2026-06-29T06:57:27.923Z,S1,21.84,165,12.79,On Target
2026-06-29T11:21:46.312Z,S1,21.76,170,11.02,Poor Trim
2026-06-29T01:56:43.342Z,S1,22.09,172,11.08,Poor Trim
2026-06-29T17:20:10.095Z,S1,22.30,171,12.68,On Target
2026-06-29T22:21:21.774Z,S1,21.70,175,13.57,Surfing/Planing
2026-06-29T16:50:59.956Z,S1,22.12,176,12.47,On Target
2026-06-29T07:39:22.023Z,S1,22.16,177,12.99,On Target
2026-06-29T00:35:46.867Z,S1,21.81,182,12.87,On Target
2026-06-29T16:02:35.964Z,S1,22.14,182,12.85,On Target
2026-06-28T22:32:11.571Z,S1,22.06,179,12.36,On Target
2026-06-29T23:26:19.281Z,S1,23.88,164,13.53,On Target
2026-06-29T05:23:15.717Z,S1,23.80,164,13.99,On Target
2026-06-29T05:38:51.169Z,S1,24.12,166,13.50,On Target
2026-06-29T08:40:58.260Z,S1,24.03,168,13.75,On Target
2026-06-29T08:53:32.744Z,S1,23.99,170,14.05,On Target
2026-06-29T22:34:11.167Z,S1,23.85,168,13.33,On Target
2026-06-29T08:14:57.155Z,S1,23.84,175,13.95,On Target
2026-06-29T22:45:22.354Z,S1,24.09,173,13.56,On Target
2026-06-29T04:46:04.120Z,S1,23.86,173,11.39,Poor Trim
2026-06-29T06:28:05.625Z,S1,24.09,178,13.60,On Target
2026-06-29T00:22:16.958Z,S1,23.98,181,13.91,On Target
2026-06-29T08:45:18.375Z,S1,24.19,180,13.93,On Target
2026-06-29T13:20:13.117Z,S1,26.08,163,14.37,On Target
2026-06-29T15:26:27.478Z,S1,26.07,165,15.14,On Target
2026-06-29T15:04:42.516Z,S1,26.08,163,14.36,On Target
2026-06-29T07:04:51.271Z,S1,25.72,169,15.07,On Target
2026-06-28T23:12:14.699Z,S1,26.23,171,15.08,On Target
2026-06-28T21:37:18.089Z,S1,25.95,169,14.64,On Target
2026-06-29T09:09:58.929Z,S1,25.76,174,14.57,On Target
2026-06-29T08:29:37.749Z,S1,25.77,177,14.81,On Target
2026-06-29T14:01:39.721Z,S1,26.05,176,14.90,On Target
2026-06-28T22:13:26.237Z,S1,26.00,178,16.99,Surfing/Planing
2026-06-29T08:21:08.315Z,S1,26.21,182,15.16,On Target
2026-06-29T21:28:31.886Z,S1,25.71,182,12.70,Poor Trim